input,response
hi! i want to build a healthcare reward app.,"Thanks for sharing your idea! To help define a focused MVP, could you briefly explain what you mean by a ""healthcare reward app""? Specifically:

- What is the main problem your app will solve for users?
- What kind of rewards are you thinking of (e.g., discounts, points, vouchers)?
- Who are the primary users (patients, general public, healthcare workers, etc.)?

A short description will help me guide you toward a simple, launchable MVP."
"This app helps you manage your health through walking and rewards your efforts with healthy food. It precisely measures and records your steps, distance, and time using your smartphone's sensors, and can also connect with devices like smartwatches for more detailed data. Based on your height, weight, gender, and age, the app uses scientific algorithms, backed by my food science and nutrition knowledge, to accurately show your real-time calorie burn as you walk, considering your basal and activity metabolic rates for greater accuracy. You can set daily step and calorie burn goals, and the app celebrates your achievements with messages and visual graphs to encourage consistent exercise; you can also make walking more fun by competing with friends or joining group challenges. Points automatically accumulate based on your steps, and you can earn bonus points for hitting specific targets, maintaining streaks, or inviting friends. Use your earned points to buy healthy food from the in-app store, where, as a food science and nutrition expert, I personally select and verify high-quality nutritional items, including health supplements, diet foods, and fresh produce, providing detailed nutritional information and consumption tips for each product to help you make smart choices. This app combines health management with rewards, offering a strong incentive for you to maintain a healthy lifestyle daily, while also providing access to reliable, high-quality nutritional foods.","Thanks for the detailed description! Before we move forward, let me summarize your idea in simple terms to make sure I understand it correctly:

**Summary:**  
You want to build a mobile app that tracks users’ walking activity (steps, distance, time) using their smartphone sensors. The app calculates calorie burn based on personal info (height, weight, gender, age) and scientific formulas. Users can set daily goals, see their progress with graphs, and get motivational messages. The app rewards users with points for walking, hitting targets, and inviting friends. Points can be redeemed for healthy food and supplements in an in-app store, with each product featuring detailed nutritional info and tips curated by you. There are also social features like friend competitions and group challenges.

Did I get that right? If so, please confirm, and we’ll move on to scoping the MVP. If not, let me know what needs to be adjusted."
"Exclude devices such as smartwatches. The daily maximum should be 20,000 steps.","Thanks for clarifying! Here’s the updated summary:

**Updated Summary:**  
You want to build a mobile app that tracks users’ walking activity (steps, distance, time) using only their smartphone sensors (no smartwatch or external device integration). The app calculates calorie burn based on personal info (height, weight, gender, age) and scientific formulas. Users can set daily step and calorie burn goals, with a daily maximum of 20,000 steps. The app shows progress with graphs and motivational messages. Users earn points for walking and hitting targets, which can be redeemed for healthy food and supplements in an in-app store, with each product featuring nutritional info and tips curated by you. Social features like friend competitions and group challenges are also included.

Did I capture your idea correctly? If so, we’ll move on to defining the core problem and objectives for the MVP. If anything needs to be changed, let me know!"
"To be more precise, the app should have a section where only administrators can upload products, for example vitamins, protein supplements, and similar items. Users should only be able to purchase these products using points earned from running.","Thank you for clarifying the product management and redemption flow. Here’s an updated summary:

**Updated Summary:**  
- The app tracks users’ walking activity (steps, distance, time) using only smartphone sensors (no external devices).
- Calorie burn is calculated based on user profile (height, weight, gender, age) and scientific formulas.
- Users set daily step/calorie goals (max 20,000 steps/day), view progress, and receive motivational messages.
- Users earn points for walking and hitting targets.
- Points can be redeemed for healthy products (e.g., vitamins, protein supplements) in an in-app store.
- Only administrators can upload/manage products in the store; users can only purchase with earned points.
- Each product includes nutritional info and tips curated by you.

**Did I get this right?**  
If so, please confirm and we’ll move on to defining the core problem and objectives for the MVP. If anything needs to be changed, let me know!"
that is right,"Great, thanks for confirming!

Let’s move to the next step:  
**What is the core problem your app aims to solve for users?**  
For example, is it to motivate people to walk more, help them access healthy foods, or something else?  
And, what makes your approach (combining step tracking with a points-based healthy food store) different from other health or fitness apps?

A short answer will help us define the main objective and value of your MVP."
"My goal is to help many people achieve health through walking and provide products as small rewards for their efforts. Also, I would like to incorporate Google ads to maintain this system. The difference from other health apps is that users can purchase items using only random points earned from the pedometer, not through direct payment.","Thank you for clarifying your goal and what makes your app unique.

**To summarize your project overview:**
- **Core problem:** Many people struggle to stay motivated to walk regularly and make healthy lifestyle choices.
- **Your solution:** The app motivates users to walk by rewarding their efforts with points, which can be redeemed for healthy products. Unlike other apps, users cannot buy these products with money—only with points earned from walking.
- **Monetization:** You’d like to include Google ads to help sustain the app.

**Next, let’s define your target users:**
Who do you see as the main users of your app?  
For example:
- Adults looking to improve their health?
- People interested in nutrition and fitness?
- Beginners or already active individuals?

If you’re not sure, I can suggest a typical user persona to help us move forward."
I would like the users to be adults and college students who want to improve their health.,"Perfect, that’s clear.

**Target users:**  
- Adults and college students who want to improve their health through walking and better nutrition.

**Next, let’s define the core features for your MVP.**  
To keep it simple and focused, I recommend starting with these two core features:

1. **Step Tracking & Points System:**  
   - Users’ steps are tracked using their smartphone sensors (up to 20,000 steps/day).
   - Points are automatically awarded based on steps taken and goals achieved.

2. **Rewards Store (Admin-Managed):**  
   - Users can browse a store of healthy products (uploaded by admin only).
   - Users can redeem their earned points to purchase these products (no cash purchases).

**Does this cover the essential features for your MVP, or is there anything you feel is absolutely necessary to add for launch?**  
(Features like friend competitions, group challenges, or Google ads can be considered for future versions to keep the MVP lean.)"
"For ""Points are automatically awarded based on steps taken and goals achieved,"" what I want is a progress bar with boxes at 1 step, 5,000 steps, 10,000 steps, 15,000 steps, and 20,000 steps up to 20,000 steps. When my step count reaches those milestones, the boxes change from gray to blue and become activated. When I tap on them, the box opens and gives me random points from 1 to 50.
For ""Users can browse a store of healthy products (uploaded by admin only),"" it's not that - it means only administrators can add products. Regular users need to go to a tab where they can view those products.","Thank you for clarifying both points. Here’s how I understand your requirements:

**Step Tracking & Points System:**
- The app displays a progress bar with milestone boxes at 1, 5,000, 10,000, 15,000, and 20,000 steps.
- As users reach each milestone, the corresponding box turns blue (from gray) and becomes tappable.
- When a user taps an activated box, they receive a random number of points (between 1 and 50).

**Rewards Store:**
- Only administrators can add/manage products in the store (e.g., vitamins, supplements).
- Regular users can only view the available products in a dedicated tab and redeem their points to purchase them.

**Quick confirmation:**
- Is it correct that users can only earn points by tapping the milestone boxes (not for every step or for streaks/other actions)?
- Should users be able to see their total points and a simple purchase history?

Once you confirm or clarify, I’ll move on to outlining the app’s main screens and user flow."
"Both are correct, and I would also like to have a screen that shows my walking history in a graph for the current month. A statistics display, I mean. And I'd also like to be able to check how many calories I burned from my walking today. Along with encouraging messages. It would be nice if the calorie burn page also had a sharing feature.","Thanks for your clear answers and additional requests. Here’s how I’ll approach your latest input:

**Core MVP Features (confirmed):**
1. **Step Tracking & Points System with Milestone Progress Bar**
2. **Admin-Managed Rewards Store (users can view and redeem only)**

**Additional requests:**
- Walking history/statistics graph for the current month
- Display of calories burned from today’s walking
- Encouraging messages
- Sharing feature for the calorie burn page

To keep the MVP lean and focused, here’s my recommendation:

**Essential for MVP:**
- Step tracking with milestone progress bar and random point rewards
- Calorie burn display for today
- Simple walking history graph for the current month
- Admin-managed rewards store (users can view/redeem only)
- Encouraging messages (simple, preset messages after milestones or daily goal completion)
- Users can see total points and purchase history

**Nice-to-have (suggested for future versions):**
- Sharing feature for calorie burn page  
  _That’s a great idea, but let’s save it for a future version to keep the MVP lean._

**Quick confirmation:**
- Is it okay if the MVP includes the walking history graph, today’s calorie burn, and encouraging messages, but leaves out the sharing feature for now?
- For the walking history graph, is a simple bar chart (steps per day for the current month) sufficient?

Once you confirm, I’ll outline the main app screens and user flow."
Please include the sharing feature. Make it a line graph instead of a bar chart.,"Understood! Here’s the updated feature list for your MVP:

**Core MVP Features:**
1. **Step Tracking & Points System with Milestone Progress Bar**
   - Progress bar with milestone boxes (1, 5,000, 10,000, 15,000, 20,000 steps)
   - Tap milestone boxes to receive random points (1–50)
   - Calorie burn display for today, based on user profile and walking data
   - Encouraging messages after milestones or daily goal completion

2. **Walking History & Statistics**
   - Line graph showing daily steps for the current month
   - Ability to view calories burned for each day
   - Sharing feature for today’s calorie burn (e.g., share to social or via message)

3. **Admin-Managed Rewards Store**
   - Only administrators can add/manage products
   - Users can view products and redeem points to purchase
   - Each product includes nutritional info and tips

4. **User Account & Points**
   - Users can see their total points and purchase history

**Next, let’s outline the main app screens and user flow:**

Here’s a proposed structure:
- **Home / Dashboard:** Shows today’s steps, progress bar, calorie burn, and encouraging messages
- **Milestone Rewards:** Tap milestone boxes to claim points
- **History / Statistics:** Line graph of daily steps for the current month, calories burned per day, and sharing option for today’s calorie burn
- **Rewards Store:** Browse products, view nutritional info, redeem points
- **Points & Purchases:** View total points and purchase history

**Does this screen structure and flow match your vision?**  
If yes, I’ll move on to design style. If you want to adjust or add anything, let me know!"
that's right!,"Great! Now, let’s talk about the design style.

**How would you like the app to look and feel?**  
For example:
- Modern and clean (simple colors, lots of white space)
- Playful and colorful (bright colors, fun icons)
- Premium and dark (dark backgrounds, elegant fonts)
- Or another style you have in mind?

If you’re unsure, I can suggest a style based on your app’s purpose."
"Since bright colors hurt the eyes, please use Premium and dark (dark backgrounds, elegant fonts) to make it look more luxurious.","Perfect, we’ll go with a premium, dark-themed design—dark backgrounds, elegant fonts, and a luxurious feel.

Next, before finalizing, is there anything else you’re uncertain about, any open questions, or special requirements you want to mention?  
For example:
- Any edge cases or risks you’re concerned about?
- Any future ideas you want to note for after launch?
- Any special requirements for admin product uploads?

Let me know if there’s anything else, or confirm if you’re ready to proceed!"
I don't have any yet. I'll proceed after checking the app.,"# Product Requirements Document (PRD)

---

## 1. Business & Product Overview

### Business Idea Summary
This mobile app motivates adults and college students to improve their health through daily walking. It tracks users’ steps using smartphone sensors, calculates calorie burn based on personal data and scientific formulas, and rewards users with points for reaching step milestones. Points can be redeemed for healthy products (e.g., vitamins, supplements) curated and managed by administrators. The app features a premium, dark-themed design for a luxurious user experience.

### Problem & Solution
**Problem:**  
Many people struggle to maintain consistent physical activity and make healthy lifestyle choices due to lack of motivation and accessible, trustworthy rewards.

**Solution:**  
The app incentivizes daily walking by awarding points for step milestones, which can be redeemed for high-quality, nutritionist-approved products. This unique approach combines health management with tangible, non-monetary rewards, encouraging users to build lasting healthy habits.

### Target Audience
- Adults and college students seeking to improve their health and fitness.
- Users motivated by tangible rewards and interested in nutrition and wellness.
- Individuals who prefer a premium, visually comfortable app experience.

**Pain Points:**
- Difficulty staying motivated to walk regularly.
- Lack of trustworthy, accessible healthy rewards.
- Desire for accurate, science-based health tracking.

### Unique Value Proposition
- Users can only earn rewards by walking—products cannot be purchased with money, only with points earned from physical activity.
- All products are curated and verified by a food science and nutrition expert, ensuring quality and reliability.
- The app features a luxurious, dark-themed design for a comfortable and premium user experience.

---

## 2. Core App Features

### Core App Features

1. **Step Tracking & Milestone Rewards**
   - Tracks steps using smartphone sensors (no external device integration).
   - Progress bar with milestone boxes at 1, 5,000, 10,000, 15,000, and 20,000 steps (daily max: 20,000).
   - Milestone boxes activate as users reach each step count; tapping an activated box awards a random number of points (1–50).
   - Calorie burn calculated in real time based on user profile (height, weight, gender, age) and walking data.
   - Encouraging messages displayed after milestone achievements and daily goal completion.

2. **Walking History & Statistics**
   - Line graph showing daily steps for the current month.
   - Calorie burn displayed for each day.
   - Sharing feature for today’s calorie burn (share to social or via message).

3. **Admin-Managed Rewards Store**
   - Only administrators can add and manage products (e.g., vitamins, supplements, healthy foods).
   - Users can browse available products, view detailed nutritional information and consumption tips, and redeem points to purchase.
   - No cash purchases; products can only be redeemed with points.

4. **User Account & Points Management**
   - Users can view their total points balance.
   - Users can access a purchase history of redeemed products.

### Potential Future Features (Not in MVP)
- Friend competitions and group challenges.
- Streak bonuses and additional point-earning mechanisms.
- Google Ads integration for monetization.
- Advanced social sharing and community features.
- Personalized recommendations based on user activity.
- Push notifications for reminders and encouragement.
- More detailed analytics and health insights.

---

## 3. Screen Breakdown & User Flow

### 1) Home / Dashboard Screen
- **Displays:**
  - Today’s step count and progress bar with milestone boxes (1, 5,000, 10,000, 15,000, 20,000).
  - Calorie burn for today.
  - Encouraging message (dynamic, based on progress).
  - Quick access to milestone rewards (tap to claim points).
- **Actions:**
  - Tap milestone boxes to claim points (if activated).
  - Navigate to walking history/statistics, rewards store, or user profile.

### 2) Walking History & Statistics Screen
- **Displays:**
  - Line graph of daily steps for the current month.
  - Calorie burn for each day (displayed on graph or as a list).
  - Option to share today’s calorie burn (share button).
- **Actions:**
  - Tap on a day to view detailed stats.
  - Tap share button to share today’s calorie burn via supported channels.

### 3) Rewards Store Screen
- **Displays:**
  - List/grid of available products (with images).
  - Product details: name, description, nutritional info, consumption tips, point cost.
  - User’s current points balance.
- **Actions:**
  - Tap product to view details.
  - Redeem product using points (with confirmation dialog).

### 4) User Profile & Points Screen
- **Displays:**
  - User’s profile information (name, age, height, weight, gender).
  - Total points balance.
  - Purchase history (list of redeemed products with dates).
- **Actions:**
  - Edit profile information.
  - View and filter purchase history.

### 5) Admin Panel (Admin Only)
- **Displays:**
  - Product management interface (add, edit, delete products).
  - List of all products with details.
- **Actions:**
  - Add new product (image, name, description, nutritional info, tips, point cost).
  - Edit or remove existing products.

---

## 4. User Flow & Experience

### 1. Onboarding
- User downloads app and creates an account (basic info: name, age, height, weight, gender).
- App requests permission to access motion/step data from smartphone sensors.
- User is introduced to the app’s core features via a brief walkthrough.

### 2. Primary Actions
- User walks throughout the day; app tracks steps in real time.
- As user reaches each milestone, the corresponding box on the progress bar activates.
- User taps activated milestone boxes to claim random points (1–50).
- User views today’s step count, calorie burn, and encouraging messages on the dashboard.

### 3. Transactions
- User browses the rewards store to view available products.
- User redeems points to purchase a product (confirmation required).
- Points balance and purchase history are updated accordingly.

### 4. Post-Interaction
- User checks walking history and statistics (line graph for the month).
- User shares today’s calorie burn via the sharing feature.
- User receives motivational messages after milestones and daily goal completion.

---

## 5. Navigation & Role-Based Access

### Navigation Flow
- **Bottom navigation bar** (suggested) with tabs for:
  - Home/Dashboard
  - History/Statistics
  - Rewards Store
  - Profile/Points

- **Screen transitions:**
  - Home → History/Statistics (view progress)
  - Home → Rewards Store (redeem points)
  - Home → Profile/Points (manage account)
  - (Admin only) Profile → Admin Panel (manage products)

### Role-Based Access
- **Regular Users:**
  - Access to all user-facing screens: Home, History, Rewards Store, Profile.
  - Can view and redeem products, but cannot add/edit products.
- **Administrators:**
  - All regular user access.
  - Additional access to Admin Panel for product management (add, edit, delete products).

---

**Does this document fully capture your vision for the product?**  
If any critical details are missing or need adjustment, please let me know before proceeding!"
